Código del libro,Titulo,Autor,Año de publicación,DOI_Original,Editorial,Abstract,Keywords,BISAC Catálogo,Thema Catálogo,Clasificación Dewey,"Institución coeditora (separar cada institución con "";"")",Idioma,OpenAlex_ID,OpenAlex_Title,OpenAlex_Author,OpenAlex_Concepts,OpenAlex_Citations,OpenAlex_Similarity,Metodo_Match,Area_Conocimiento,Titulos_Editorial_Area,W_Editorial,W_Citas
CEJ0172,RESEARCHING THE CONTEMPORARY CITY. IDENTITY ENVIRONMENT AND SOCIAL INCLUSION IN DEVELOPING URBAN AREAS,Peter Kellett,2013,,Pontificia Universidad Javeriana,"The city is perhaps the most complex of all human constructs. In the 21st century when cities are bigger than ever, and the majority of the world's population now live in urban areas, the need for research into this complexity to address the large scale challenges of urban life has never been greater. This collection of research studies from different parts of the world, brings together case studies, underpinned by theory, to contribute to the urgent search to make our cities more just, more livable, more accessible, more participatory and more democratic: in short, more humane places to live and work. These crosscutting themes of social inclusion, spatial integration and poverty alleviation are the ever present motifs and motivations throughout this volume. The eleven chapters are grouped into four interrelated sections: the creation and representation of the urban; the production and transformation of the informal; the construction and appropriation of public spaces; and finally, the transformation, use and meaning of home. Collectively the essays engage with the city at a range of scales, but underpinning all of them is a concern for the everyday realities of ordinary people's lives. These detailed and finegrain analyses of complex processes are a modest contribution towards the creation of cities which are not simply more economically viable and environmentally sustainable, but also embody the ideals of social justice.",,[PHI035000] FILOSOFÍA > Ensayos,JM,,,Inglés,,,,,0,0.0,No Encontrado,FILOSOFÍA,12.0,1.2564949357461537,0.0
CEJ0239,LES VARIATIONS DE LA LIGNE PARFAITE,Nicolás  Alvarado Castillo,2022,,Pontificia Universidad Javeriana,"L'un des traits les plus remarquables de la poésie, le vers, a été pourtant l'un des plus négligés par la pensée philosophique. Depuis la Poétique aristotélicienne jusqu'aux cours de Heidegger sur Hölderlin, le vers a été l'objet non pas tant d'un oubli ou d'un refoulement que d'une stratégie d'esquive. Il s'agissait, par une ignorance volontaire, d'amoindrir la portée de pensée de certains éléments formels du fait poétique qui semblent rétifs à la spéculation conceptuelle.",Filosofía; Estética;  Crítica literaria; Poesía; Colombia,PHI001000,DSC,,,Francés,,,,,0,0.0,No Encontrado,PHI001000,4.0,1.16094379124341,0.0
CEJ0276,SOLUTION OF MATHISSONPAPAPETROU-DIXON EQUATIONS FOR SPINNING TEST PARTICLES IN A KERR METRIC,Nelson Velandia-Heredia,2020,,Pontificia Universidad Javeriana,"One of the purposes of this thesis is to study the gravitomagnetic effects. These effects are derived by the analogy between Coulomb's law and Newton's gravitation law. There is a relationship between Maxwell's equations and the linearized Einstein equations. Therefore, our rst step will be to linearize the Einstein field equations and compare them with some electromagnetic phenomena. Then, we will take the MPD equations given by Plyastsko et al. for a spinning test particle orbiting around a rotating massive body. Since it is not possible to nd an analytical solution for the set of eleven coupled differential equations, we will give a numerical solution for the case when the spinning test particle orbits in a Kerr metric. The main contribution of this work is to yield the numerical solution for the case of spinning particles around a rotating gravitational eld. On the other hand, one nds that the majority of works give the analytical solution for particular cases such as spinless test particles in the Schwarzschild metric and in the equatorial planes or the spin values constricted in the time. We calculate the trajectories of spinning test particles in rotating gravitational elds without restrictions on its velocity and spin orientation. From this work, we will study the gravitomagnetism effects and give an exact numerical solution for the clock effect.",Spinning Test Particles; Kerr Metric; Mathisson-Papapetrou-Dixon,SCI032000,PHVG,,,Inglés,,,,,0,0.0,No Encontrado,SCI032000,1.0,1.0693147180559943,0.0
CEJ0280,INDIGENOUS NETWORKS AT THE MARGINS OF DEVELOPMENT,Giovanna Micarelli,2015,,Pontificia Universidad Javeriana,"This work is based on research and advocacy with the people of two multiethnic indigenous resguardos located at the outskirts of the Colombian towns of Leticia and Puerto Nariño. Through an analysis of the relationship between development institutions and indigenous people, the book examines the dynamics of social praxis in contexts where development is debated, enforced, and subverted, and it does so in a dialogue with the critical perspective of post-development, and the critiques woven by indigenous people on the basis of their experiences, world-views, and embodied perceptions of well-being. In spite of being the postulate of development the improvement of the people's quality of life,indigenous people express the feeling that their life quality has become worse as development projects proceed, and they see themselves as both physically and spiritually ill. While they become increasingly involved in the development apparatus, they strive to resist the implicit beliefs of development as well as its practical workings. In a situation of crisis, which pervades, as a virus, the human, social, and cosmic bodies, indigenous people endeavor to cure the pathogenic energy of development through the strengthening of cultural meanings and the weaving of intercultural alliances. For the supra-ethnic ensemble known as People of the Center, this twofold process is articulated through the ritual consumption of coca and tobacco. This work asks why this philosophical and ritual system is able to resonate in an indigenous multicultural context, and how it generates schemas for political agency that intertwine in a powerful way healing, dissent, and the consolidation of intercultural networks",Antropología cultural; Indígenas de Colombia; Relaciones sociales,SOC002010,JHMC,,,Inglés,https://openalex.org/W2956648270,Indigenous Networks at the Margins of Development,Giovanna Micarelli,Indigenous; Geography,6,1.0,Solo Titulo,SOC002010,6.0,1.1945910149055314,0.9729550745276566
CEJ0336,Migratory Flows At The Borders Of Our World ,"Alberto Ares Mateos, S.J; Mauricio García Durán, S.J; Cecilia Estrada Villaseñor; Juan Iglesias Martínez",2020,,Pontificia Universidad Javeriana,,,"[SOC007000] CIENCIAS SOCIALES > Emigración e Inmigración
","[JBFH] Sociedad y ciencias sociales > Sociedad y cultura: general > Cuestiones sociales y éticas > Migración, inmigración y emigración
",,,Inglés,https://openalex.org/W3036688729,Migratory flows at the borders of our world,Pontificia Universidad Javeriana,Economic geography,6,0.7749999999999999,Solo Titulo,CIENCIAS SOCIALES,35.0,1.358351893845611,0.9729550745276566
DJS0003,GENDER DISCRIMINATION IN FOOTBALL,Rebecca Robinson,2021,,Dejusticia,"The importance of gender and gender-based categorizations cling to the world of sport like no other realm of culture or society in the twenty-first century. While presented as natural, logical, and innate, the differential treatment of men and women and boys and girls in the world of sport is largely the product of over a century of global socialization intent on preserving sport as a male-dominated pastime, lifestyle, and avenue of opportunity.

As the most popular sport worldwide, football (or soccer) may be the poster child for lingering gender disparities in sport. Despite women's presence on the pitch since the turn of the twentieth century, governments and football associations have proactively suppressed their ability to participate in the game through gender stereotypes, underinvestment, precarious professional opportunities, and disrespect.

This report describes the various manifestations of gender-based discrimination that shape the game of football today, the role the Fédération Internationale de Football Association (FIFA) plays in perpetuating this discrimination, and existing avenues for remedy (or lack thereof). The report concludes with key takeaways from the fight for gender equality to date, with an eye toward building a more just world of sport in the years to come.",Estudios de género; Gender discrimination; FIFA; sport; feminismo; Colombia,SOC028000,JBSF1,,,Inglés,,,,,0,0.0,No Encontrado,SOC028000,5.0,1.1791759469228056,0.0
DJS0004,AMPHIBIOUS RESEARCH,César Rodríguez,2015,,Dejusticia,"Action research combines academic study, participation in public debate, public policy advocacy and institution building (such as think tanks and NGOs). This book, in both its english and Spanish versions, analyzes the advantages and difficulties of this type of work.

Close interaction with diverse audiences tends to give action research greater empirical precision and relevance, and serve as a source of motivation for practitioners. However, it also creates constant risks of dispersion, lack of analytical distance and burnout.

To take advantage of the advantages and face the difficulties, the book proposes an approach - 'amphibious research' - based on hybrid methodological approaches and writing styles, whose products gather contributions from different fields of knowledge and circulate in multimedia formats.",Sociología;  Multimedia;  Activismo; ONG;  Metodología de Investigación;  Globalización; Colombia,SOC000000,JHBA,,,Inglés,,,,,0,0.0,No Encontrado,SOC000000,1.0,1.0693147180559943,0.0
DJS0026,MAKING SOCIAL RIGHTS REAL,Celeste Kauffman,2014,,Dejusticia,"Given the disappointing implementation levels in various countries and across human rights systems, this guide seeks to contribute to the discussion regarding strategies for courts, international decision-makers, and civil society to increase the implementation of ESCR decisions.

For generations, human rights defenders have struggled to secure recognition of economic, social and cultural rights (ESC rights) and ensure their justiciability in national, regional and international courts, a struggle that has been very successful. National courts around the world, including in Colombia, India, South Africa and Kenya, are expressing their views on ESC rights on a regular basis, and several countries have explicitly included the justiciability of ESC rights in their constitutions. Regional tribunals such as the Inter-American Court of Human Rights and the African Commission on Human and Peoples' Rights now consider petitions on ESCR. At the international level, in 2013, the Optional Protocol to the International Covenant on Economic and Social Rights entered into force, allowing the Committee on Economic and Social Rights to hear individual complaints concerning violations of ESC rights",Derecho; Implementation; Rights and duties; Justice; Social rights; Colombia,[LAW101000] LEY > Ensayos,LAQ,,,Inglés,https://openalex.org/W4399936555,Making Social Rights Real,César Rodríguez Garavito,Political science,2,0.745,Solo Titulo,LEY,51.0,1.3951243718581428,0.5493061443340549
DJS0028,FISCAL POLICY IN THE REGULATION OF ADULT-USE CANNABIS IN COLOMBIA,Luis Felipe Cruz Olivera,2022,,Dejusticia,"The debate about regulating cannabis for adult use is on the public agenda. In our view, the best policy on marijuana that a State can develop is the regulation of its cultivation, manufacture and use, focused on reducing marijuana's comparative impact in illegal economies and drug trafficking networks; protecting public health; promoting rural development in prioritized areas; and promoting reparation measures financed with the resources arising from regulation. Drugs are not the devil, but nor are they child's play. A drug policy that would be respectful of human rights and safeguard public health must lie at an intermediate point between full liberalization and the prohibition currently in place.
In this document, based on a comparative analysis of the regulations issued in Uruguay, Canada and the United States and by applying the Principles and Guidelines for Human Rights in Fiscal Policy, we argue for the importance of a fiscal framework based on collecting taxes in the cannabis market and focused on mobilizing the maximum amount of available resources to finance the goals of reducing the illegal market, preserving public health and assisting the populations affected by drug policy, as set forth in the cannabis regulations.",Derecho; cannabis; regulations; public health; rural development; fiscal policy; Colombia,[LAW118000] LEY > Drogas y la ley,JKVG,,,Inglés,https://openalex.org/W4399936436,Fiscal Policy in the Regulation of Adult-Use Cannabis in Colombia,Alejandro Rodríguez-Llach,Cannabis; Fiscal policy; Economics,2,0.7612244897959183,Solo Titulo,LEY,51.0,1.3951243718581428,0.5493061443340549
DJS0029,JUSTICE THROUGH TRANSITIONS,Nina Chaparro,2018,,Dejusticia,"What does justice mean in times of transition? What kinds of possibilities and dissapointments emerge from processes of seeking justice through transition? How might we understand these processes through narrative?

In August 2015, a group of Global South human rights activists and researchers gathered in Colombia for a workshop organized around the theme of transitional justice. This book, the third in a series, is the result of the discussions performed in that encounter.

The chapters in this volume illustrate many complexities of transitional justice processes from the perspective of young human rights advocates involved in these struggles, many with their own complicated personal connections to the search for justice. These advocates hail from countries that have divergent relationships with the notion of transitional justice, from places deeply embedded in its norms and processes, such as Argentina and Colombia, to countries undergoing various kinds of transitions on very different terms, such as Turkey and Mexico. All of the chapters, however, write the messiness of seeking justice through transitions, spanning from the personal and intimate to the national and global.

Together, these chapters beautifully illustrate both the pain and the political possibilities that come from the inability to leave history in the past, as well as the creativity of individual and collective efforts to seek justice through transitions. They also demonstrate the beauty of speaking, working, and writing justice from the hear.",Sociología;  Derecho ;  Transitional justice;  Conflict resolution; Human rights;  Peace processes; Colombia,POL035010,GTU,,,Inglés,,,,,0,0.0,No Encontrado,POL035010,4.0,1.16094379124341,0.0
DJS0030,ADDICTED TO PUNISHMENT: THE DISPROPORTIONALITY OF DRUG LAWS IN LATIN AMERICA,Diana Esther Guzmán,2013,,Dejusticia,"In Latin America, trafficking cocaine so it can be sold to someone who wants to use it is more serious than raping a woman or deliberately killing your neighbor. While it may seem incredible, that is the conclusion of a rigorous study of the evolution of criminal legislation in the region, which shows that countries' judicial systems mete out harsher penalties for trafficking even modest amounts of drugs than for acts as heinous as sexual assault or murder.

How have we reached such an unjust and irrational point? In recent decades, especially the 1980s, Latin American countries, influenced by an international prohibitionist model, fell – ironically – into what we might metaphorically call an addiction to punishment. Addiction creates the need to consume more and more drugs, which have less and less effect; ultimately, the problematic user simply consumes drugs to avoid withdrawal. Drug legislation in Latin America seems to have followed a similar path. Countries have an ever-growing need to add crimes and increase the penalties for drug trafficking, supposedly to control an ex- panding illegal market, while this increasingly punitive approach has less and less effect on decreasing the supply and use of illegal drugs.

So just as the problematic drug user faced with the declining effects of the drug automatically increases the frequency and amount consumed, public officials, seeing the scant impact of growing punitive repression, increase the dose and frequency. And our countries become addicted to punishment, which explains the disproportionate laws that are discussed and documented in this paper. Over the past 60 years, this evolution has taken place within the context of the so-called war on drugs. The dominant worldwide policy on illegal drugs has been their prohibition, an approach characterized by the use of criminal law as the basic tool for combating all phases of the business (cultivation, production, distribution and trafficking), and in some cases even drug use. With some nuances and significant variation, the legislation in every country in the world contains criminal provisions calling for imprisonment for the distribution and trafficking of controlled substances.",Derecho; Política antidrogas; Tráfico de drogas; Criminalización; Sistema penal; Colombia,[LAW118000] LEY > Drogas y la ley,JKVG,,,Inglés,,,,,0,0.0,No Encontrado,LEY,51.0,1.3951243718581428,0.0
DJS0031,STRATEGIC LITIGATION MANUAL FROM THEORY TO PRACTICE LESSONS FROM COLOMBIA AND LIBANON,Maryluz Barragán,2020,,Dejusticia,"Strategic Litigation Manual: From Theory to Practice, Lessons from Colombia and Lebanon aims to address every step of the process of strategic litigation. The first part discusses how to select a strategic case and its components; followed by part two, which provides practical insights on the litigation itself; and the part three explores the post-decision phase. In that sense, the manual contains ten key steps that should be developed in a human rights litigation strategy. These steps include identifying the injustice to be remedied, envisioning the goal, developing a legal strategy, selecting the parties, assessing risks and resources, collecting evidence, developing legal arguments, building an outreach strategy, ensuring that a win is effective or investing in a loss and, learning and retooling. The manual presents a theoretical conception of each of these steps, followed by an illustration of real case examples gathered from the litigation experience of Dejusticia and The Legal Agenda, allowing the reader to understand strategic litigation in theory and practice. This model is not meant to be prescriptive and it is based in our practice on litigation. It is intended to be used as a toolkit to be improved upon with lessons learned from every case. As learning is a key pillar of this model, we encourage readers to retool the model and keep improving it with each new case they pursue.",Derecho ;  Strategic litigation;  human rights; advocacy;  social problem;  significant impact; Colombia,[LAW026000] LEY > Derecho penal > General,LNF,,,Inglés,,,,,0,0.0,No Encontrado,LEY,51.0,1.3951243718581428,0.0
DJS0047,MIGRATION AND DECENT WORK,Lina Arroyave Velásquez,2022,,Dejusticia,"Migration and Decent Work: Challenges for the Global South takes a journey through nine countries in the global South—from Mexico to India to Argentina to Turkey—to explore the relationship between migration and work from a human rights perspective.
Labor insertion is one of the most effective forms of integration because it allows migrants and refugees to enjoy more dignified living conditions, to contribute to the development of host communities, and to build relationships with the local population. But ensuring the right to work is a challenge for countries in the global South that have weak or developing economies and problems with job creation, which can force many people—not just migrants—to engage in precarious work and put themselves at risk of labor exploitation.
Under these circumstances, advocating for migrants' and refugees' right to work is more urgent than ever. The recognition of decent work as a human right means that states may not pursue economic growth at the expense of the exploitation of migrants and refugees, but instead must seek to ensure opportunities and prosperity for all. In this regard, it is critical to foster discussions, such as the ones featured in this book, that facilitate the sharing of experiences and lessons learned on the labor conditions of migrants and refugees.
The authors of the nine chapters in Migration and Decent Work are activists, academics, and members of civil society who have worked on the issue of migration from different angles and who address the challenge of migrants' labor inclusion from an interdisciplinary and rights-based perspective. Their contributions offer an overview of migrants' and refugees' right to work in a range of countries in the global South based on an analysis of local contexts, public policies, and the everyday realities faced by these workers.
In addition to offering local and global recommendations for ensuring the right to decent work for migrants and refugees, this book seeks to strengthen the human rights movement through collaboration and the sharing of experiences. The diversity of voices featured here offers a look at migration based on and intended for the global South.
La diversidad de voces que reúne ofrece una mirada de la migración desde y para el Sur Global",Derecho ;  Migration;  work;  right to work;  global South;  refugees; Colombia,"[LAW054000] LEY > Trabajo y empleo
",LNH,,,Inglés,,,,,0,0.0,No Encontrado,LEY,51.0,1.3951243718581428,0.0
DJS0048,SARAYAKU BEFORE THE INTER-AMERICAN HUMAN RIGHTS SYSTEM,Mario Melo Cevallos,2019,,Dejusticia,"How was it possible for an indigenous people in the middle of the Amazon to protect their life and territory from oil exploitation? What was the response of the Government of Ecuador to the claims of the Sarayaku people? How is a human rights strategy developed at different geographical levels? In this text, Mario Melo Cevallos, lawyer of the Kichwa people of Sarayaku, addresses these questions by presenting his version of the history of resistance and mobilization of the indigenous people before the State plans to exploit the oil that was in the heart of the Amazon. From the jungle, through the national courts, to the inter-American human rights system, the author shows the different sources of political and legal mobilization used by the people. Based on the work of more than a decade that Melo has done with the descendants of the jaguar, the book combines anecdotal references with judicial decisions and social mobilizations to show the story behind one of the most important sentences of the Inter-American Court of Human Rights. Undoubtedly, the case of the Sarayaku people is a symbol for the other indigenous peoples of the Global South. Your experience, we hope, will serve as an example for all indigenous peoples who mobilize against the expansion of the extractive border over their territories. Descripción tomada de: https://www.dejusticia.org/publication/the-sarayaku-and-the-inter-american-system-on-human-rights-justice-for-the-medio-dia-people-and-their-living-jungle/",Derecho; Sociología; Pueblos indígenas; Justicia internacional; Derechos humanos; Explotación de minerales; Grupos étnicos; Tenencia de tierras; Colombia,[LAW110000] LEY > Derecho indígena y sistemas legales,JPN,,,Inglés,https://openalex.org/W4399937571,Sarayaku before the Inter-American Human Rights System,Mario Melo,Political science,2,0.906896551724138,Solo Titulo,LEY,51.0,1.3951243718581428,0.5493061443340549
DJS0056,CIVIL RESISTANCE AGAINST 21ST CENTURY AUTHORITARIANISM,Sebastián Becker Castellaro,2021,,Dejusticia,"Populist authoritarian governments have jeopardized the human rights accomplishments of the 20th century. ensuring their fulfillment has become a challenge for these governments and an issue for human rights defenders seeking to find ways to resist anti-democratic actions.

This book seeks to expose the crisis of human rights at the hands of people who, despite rising to power through democratic means, now see democracy as a limiting institution that must be dismantled urgently. Restrictions on civil society and arbitrary detentions are some of the reasons why this populist and authoritarian vision is incompatible with human rights, which are guaranteed to some and denied to others.

Through various narratives, the authors seek to recognize new spaces for struggle—such as political activism—to develop action-research tools in a context of crisis.",Ciencia política; Derechos humanos; Populismo; Colombia,POL035010,LNDC,,,Inglés,https://openalex.org/W4399935245,Civil Resistance Against 21st Century Authoritarianism. Defending Human Rights in the Global South,Rajdeep Bose,Resistance (ecology); Human rights; Political science; Civil rights,1,0.5281376518218622,Solo Titulo,POL035010,4.0,1.16094379124341,0.3465735902799726
DJS0070,SUMMARY OF THE CEDD REGIONAL REPORT,Ernesto Cortés,2020,,Dejusticia,"This research analyzes how punitive drug laws disproportionately affect cannabis users, growers and small-scale sellers. This paper is based on the report, Cannabis in Latin America: The Green Wave and the Challenges to Regulation.",Derecho ;  Illicit drugs;  Drug traffickin; Legislation;  Cannabis;  Marijuana;  Marihuana; Colombia,[LAW118000] LEY > Drogas y la ley,JKVG,,,Inglés,https://openalex.org/W4399936192,Summary of the CEDD regional report,,,0,0.7,Solo Titulo,LEY,51.0,1.3951243718581428,0.0
DJS0071,RISING TO THE POPULIST CHALLENGE,Krizna Gomez,2018,,Dejusticia,"This book collects and analyzes a repertoire of responses by human rights organizations to the crackdown against civil society in the populist context. Written by scholars and advocates in challenging political settings from around the world, this book offers ideas and inspiration to their peers in the human rights community who are grappling with and resisting the erosion of democracy and rights.

This collection takes two steps towards clearing the path for this civil society transformation. First, it clarifies the specific challenges to human rights raised by contemporary populist regimes and movements. What is the populist playbook against human rights? Second, it contributes to documenting and learning from a wealth of initiatives by human rights actors. What innovations are human rights actors introducing into their strategies and narratives to counter those of populist regimes? In short, what is the human rights playbook against populism?

From meticulous documentation of abuses in Turkey to more grassroots forms of social networking in Hungary, from peace caravans in India to finding new ways of being useful under 21st century dictatorships in Venezuela, like war correspondents reporting from the trenches, our authors step forward to share their own continuing struggles to help their communities.

Based on evidence from populist governments in India, Venezuela, Hungary, Turkey, Russia, the United States, and Ecuador—as well as crackdowns against civil society in South Africa, Egypt and other countries—this volume provides hope, solidarity, and reinvigoration for the human rights movement.",Ciencias políticas; Government system; State relations; Populism; Democracy; Human rights; Colombia,POL011000,JPS,,,Inglés,https://openalex.org/W4399934977,Rising to the Populist Challenge,,Political science,11,0.7,Solo Titulo,POL011000,2.0,1.109861228866811,1.2424533248940002
DJS0088,TRANSNATIONAL ADVOCACY NETWORKS,César Augusto Garavito Rodríguez,2018,,Dejusticia,"Activists, particularly those based in the global South, have accumulated a wealth of experience in dealing with a range of transnational networks operating in diverse issue areas. New theoretical understandings have reflected this accumulating experience.

As the twentieth century came to a close, the practice of global and transnational politics was undergoing a sea change. Understandings of its dynamics were changing along with the practice. Classic paradigms of international relations, which had focused almost exclusively on relations among nation-states, were being expanded to consider the impact of transnational civil society organizations. Recognition of the role of new nonstate actors in global politics was epitomized by the impact of Margaret Keck and Kathryn Sikkink's Activists beyond Borders in 1998. Their framework is a foundational reference point for the analyses of recent and future trends that are set out in this book.

This volume brings together a set of ten essays by reflective activists who draw on their experience to provide new insights into what has been happening in the world of transnational advocacy, and by engaged academics who are committed to using the tools of their disciplines to contribute to the same agenda. The essays reflect not only the views of individual authors but also the collective dialogue among the authors at the workshop where the papers were originally presented in the spring of 2015.",Ciencias políticas; Sociología; Transitional justice; Human rights; Activism; Southern Hemisphere; International law; International policy; Networks; International law; International; Colombia,POL011000,JPS,,,Inglés,https://openalex.org/W2069178298,Transnational advocacy networks in international and regional politics,Margaret E. Keck,Politics; Citation; Library science; Media studies; Political science,985,0.5297029702970297,Solo Titulo,POL011000,2.0,1.109861228866811,3.4468281773013176
DJS0089,REIMAGINING THE FUTURE OF HUMAN RIGHTS SOCIAL JUSTICIE ENVIRONMENTAL JUSTICIE AND DEMOCRACY IN THE GLOBAL,Inglésis KöstepInglés,2022,,Dejusticia,"This book is the collective effort of participants from Dejusticia's annual Global Action-Research Workshop for Young Human Rights Advocates. The talented writers featured here are graduates from previous workshops who came together again in 2018 to explore the intersection between research and activism and what it holds for the future of human rights.

The authors in this book question traditional methods and explore new ways and visions of advancing human rights in the troubled context in which we live today. Do the struggles of small-scale miners in Ghana, the use of strategic litigation in Lebanon, and the recognition of the rights of nature in India represent evidence for hope? Or is the opposite true, and, as shown in the chapters on martial law in the Philippines, the treatment of wastewater in Argentina, and in the internal conflict in Yemen, human rights have failed to deliver on their promises?

Whatever the answer, Reimagining the Future of Human Rights invites us to reflect on the work of human rights in different contexts and the challenges that activists face, but also the progress they have made. The chapters in this book offer a snapshot of the current state of human rights that can help guide our work as activists and researchers.",Derecho ;  human rights;  global South; Democracy; Colombia,"[LAW051000] LEY > Internacional
",LBBR,,,Inglés,,,,,0,0.0,No Encontrado,LEY,51.0,1.3951243718581428,0.0
SAL0096,THEORY ON DC ELECTRIC (EXP) CIRCUITS,Alejandro Sánchez Salcedo,2016,,Universidad de la Salle,This book is intended as a major support for the DC Electric Circuits course from the Electrical engineering program and the Automation engineering program at Universidad de La Salle. Its main contribution is to provide the students with a step-by-step explanation and detailed illustrations about the main concepts and analysis techniques of DC electric circuits and their related measurement systems.,circuitos eléctricos; corriente continua; ingeniería eléctrica; colombia; Electric Circuits; Electrical engineering; Automation engineering; program,"[TEC000000] TECNOLOGÍA E INGENIERÍA > General
",TJF,,,Inglés,,,,,0,0.0,No Encontrado,TECNOLOGÍA E INGENIERÍA,22.0,1.3135494215929149,0.0
SAL0241,LIVING IN TRANSIT,Sebastián Alejandro González Montero,2023,,Universidad de la Salle,"Living in Transit: being in motion is an actual condition. Movement is real. Moreover, it is essential because it concerns kinetic events. We can insistently perceive that everything changes and moves. All living beings undergo experiences revealing flows, adaptations, and becomings.  Quotidian experiences testify to that. Directly or indirectly, we face reality's movements all the time. Atoms move. Planets move. Animals move. Rivers move. Trees move. Technology moves. Economy moves. The State moves. And people move. The ontological assertion that reality is all about beings in motion has an anthropological   side that must be considered. We indeed live in times highly defined by movement and change. As we have said, everything moves. It is inevitable to perceive and face movement and change. For that reason, it is essential to ethically assess our human role in changing living scenarios and dynamic beings.",Cambio social; ensayos; conferencias; Sociología de la educación; ensayos; conferencias - Filosofía; Ciencias sociales; ensayos; conferencias,[PHI035000] FILOSOFÍA > Ensayos,JNA,,,Inglés,,,,,0,0.0,No Encontrado,FILOSOFÍA,10.0,1.2397895272798372,0.0
SAL0242,10 IDACTIC ACTIVIVTIES FOR INTERMEDIATE ENGLISH CLASSES,ElInglésa Urrutia Sánchez,2013,,Universidad de la Salle,"This book has been created for both intermediate english students and their english teachers, who will be able to find a variety of activities to complement their english classes. Although this book has been particularly designed for Intermediate english levels and academic spaces at the Licenciatura en Lengua Castellana, en y Francés, such as Language and Communication I & II, Language Interaction and Anglophone Society I & II, and even Pedagogical Practicum and Formative Research, it can be adapted to several other levels of mastery of the language, as well as to a wide range of educational EFL (english as a Foreign Language) and ESL (english as a Second Language) settings, given the fact that the book's main aim is to provide students with the opportunity to take a prime role as the center of the leaming process of a rich experience of language in use (Krashen, 1989). Such goal can be achieved through didactic class tasks that can ignite the thirst for communicating in english in order to consolidate the concepts already learned in class and, beyond that, by letting go of any fear and anxiety to 'function' well-or 'accurately'-in english class, and sharing their own background knowledge and their own 'self' towards the construction of new ways of thinking and seeing the world that surrounds them within an educational framework.",english classes; EFL; ESL,"[FOR007000] ESTUDIO DE IDIOMA EXTRANJERO > Inglés como Segunda Lengua
",JN,,,Inglés,,,,,0,0.0,No Encontrado,ESTUDIO DE IDIOMA EXTRANJERO,1.0,1.0693147180559943,0.0
TI00001,30 Years of Innovation with Digital Distance Experiences,Elsa Beatriz Palacios Corral,2024,,Tecnológico de Monterrey,"In 2019, Tecnológico de Monterrey celebrated 30 years of history on the topic of digital and distance education, which makes it an academic reference, thanks to its constant concern for innovation. This vocation led our institution to the development of this work full of innovation. Learn more about these 30 years in this book.",Educación ,"[EDU000000] EDUCACIÓN > General
","[JN] > Sociología y Antropología > Educación > Educación > Educación, investigación, temas relacionados


","[370.7] Sociología y Antropología > Educación > Educación > Educación, investigación, temas relacionados
",,Inglés,,,,,0,0.0,No Encontrado,EDUCACIÓN,17.0,1.2890371757896164,0.0
TI00007,Attraction and Development of Human Talent in the Digital Environment,Joohee Kim,2024,,Tecnológico de Monterrey,This book will serve as an encouragement to explore diverse paths towards transformative leadership by exploiting the immense digital potential of younger generations.,Human capital,"[BUS106000] NEGOCIOS ECONÓMICOS > Mentoring y Coaching
","[KJMV2] Gestión de personal y recursos humanos
[VSC] Consejos sobre carreras profesionales y cómo alcanzar el éxito
","[658] Tecnología (ciencias aplicadas) > Gestión y servicios auxiliares > Administración General
",,Inglés,,,,,0,0.0,No Encontrado,NEGOCIOS ECONÓMICOS,21.0,1.3091042453358317,0.0
UBI0002,SOCIAL RESEARCH APPLIED TO ENGLISH LANGUAJE TEACHING,Wilder Yesid Escobar Alméciga,2018,,Universidad El Bosque,"Within the diverse Colombian context, the issues concerning the teaching of english as a foreign language (EFL) call for theories and methodologies entering into the socio-political realms of influence which shape the dynamics of the language-acquisition process. As such, Social Research Applied to english Language Teaching in Colombian Contexts: Theory and Methods takes into consideration a comprehensive analysis of five social phenomena, interpreting their impact, and prompting reflection on alternative strategies for development and growth within the EFL social environment.",EDUCACIÓN; sociología; METODOLOGÍA; INVESTIGACIÓN; CREATIVIDAD; Colombia,SOC026000,CJ,,,Inglés,,,,,0,0.0,No Encontrado,SOC026000,2.0,1.109861228866811,0.0
UBI0037,DISCOURSE ANALYSIS APPLIED TO ENGLISH LANGUAJE TEACHING IN COLOMBIAN CONTEXTS THEORYAND METHODS,Wilder Yesid Escobar Alméciga,2016,,Universidad El Bosque,"By moving away from instrumental views of language, the book Discourse Analysis Applied to english Language Teaching in Colombian Contexts: Theory and Methods situates the teaching and learning of english as a foreign language along a broader spectrum of socio-culturally elaborated discursive dynamics. To offer this complex and multifaceted perspective, it presents five discourse studies informed by diverse methodologies, and aims to provoke further and deeper considerations around the issue of english teaching and learning in Colombian contexts.",EDUCACIÓN; Lemguaje; METODOLOGÍA; INVESTIGACIÓN; CREATIVIDAD; Colombia,[EDU000000] EDUCACIÓN  > General,CJ,,,Inglés,,,,,0,0.0,No Encontrado,EDUCACIÓN,23.0,1.3178053830347949,0.0
UBI0143,"Multiple Perspectives on the Study of Life Biopolitics, Bioethics, Aesthetics",Pierre-Ulysse Barranque; Gustavo Chirolla Ospina; Iglika Christova; Cyprien Coste; Agnès Grivaux; Nuria Homedes; Donna Jung; Lema Habash Nicolas; Jorge Eliécer Martínez; Constanza Ovalle Gómez; Boris Julián Pinto Bustamante,2024,,Universidad El Bosque,,Perspectives; Study; Life; Approaches; Living; Perspectives Required,"[SCI011000] CIENCIA > Ciencias de la vida > Botánica
","[PSA] Ciencias de la vida: cuestiones generales
","[570] Ciencias naturales y matemáticas > Ciencias de la vida > Ciencias de la vida
",,Inglés,,,,,0,0.0,No Encontrado,CIENCIA,16.0,1.2833213344056216,0.0
UEC0244,Foreign Investment between international and domestic law: Translation of Judgement C-252/2019 of the Colombian Constitutional. Court on the bit between France and Colombia,José Manuel Álvarez Zárate; Enrique Prieto-Rios; Magdalena Correa Henao,2020,,Universidad Externado de Colombia,,International investment agreements; International Investment Law; Colombian Constitutional Law,"[LAW021000] LEY > Contratos
","[LBB] Derecho internacional público
","[341.2] Sociología y Antropología > Ley > Ley internacional > La comunidad mundial
",,Inglés,,,,,0,0.0,No Encontrado,LEY,358.0,1.588332238848828,0.0
UI00009,Uma aproximação à história e estado da psicanálise em Moçambique: aspectos teóricos e práticos,FCH,2024,https://doi.org/10.18046/EUI/ee.5.2024,Universidad ICESI,"Este texto Uma aproximação à história e estado da psicanálise em Moçambique representa uma ocasião extraordinária e inusitada, dada a ligação que estabelece com o campo e o estado da psicanálise em Moçambique. Desta forma, permite aproximar-nos de um contexto com o qual o mundo acadêmico latino-americano geralmente mantém uma distância e um desconhecimento acentuados. No caso particular dos temas abordados neste livro a partir de uma diversidade de autores e abordagens, a necessidade de construir laços comunicativos com esses ambientes institucionais e acadêmicos torna-se mais necessária, considerando as coincidências em relação a muitos dos problemas abordados (conflito armado, trauma e violência, por exemplo). Esperamos, então, que esta publicação contribua para aprofundar este tipo de vínculos e permita aos leitores uma aproximação ao estado da psicanálise em Moçambique e às suas implicações para a prática clínica.",,PSY026000 [BISAC]; PSY007000 [BISAC]; PSY055000 [BISAC],,,No aplica,Portugués,https://openalex.org/W4403183851,,,,0,1.0,DOI (Lote),PSY026000 ; PSY007000 ; PSY055000,1.0,1.0693147180559943,0.0
UI00022,Disinformation and Polarization in the Algorithmic Society. Online Hate Speech Trilogy (vol. 1),FCH,2024,https://doi.org/10.18046/EUI/ohst.v1,Universidad ICESI,"This is the first book of the Online Hate Speech Trilogy. It focuses on the relationship between disinformation, political polarisation, and virtual attacks involving toxic language. These phenomena are much more complex than they may initially appear, and they are strongly interrelated with each other in the algorithmic society. The authors analyse the deep origins of hate speech and its manifestations online. They highlight attacks against the LGBTQ+ community in Europe, journalists in Asia, and black politicians in Latin America. Additionally, these researchers examine the crucial role of fact-checking agencies in confronting toxic language and combating hate speech.",,SOC051000 [BISAC]; COM004000 [BISAC]; LAW101000 [BISAC],,,Universidad de Beira Interior,Inglés,https://openalex.org/W4403261438,,,Trilogy; Politics; Polarization (electrochemistry); Political science; Media studies,0,1.0,DOI (Lote),SOC051000 ; COM004000 ; LAW101000,1.0,1.0693147180559943,0.0
UI00023,Legal Challenges and Political Strategies in the Post-Truth Era. Online Hate Speech Trilogy (vol. 2),FNE,2024,https://doi.org/10.18046/EUI/ohst.v2,Universidad ICESI,"This is the second book of the Online Hate Speech Trilogy. The work focuses on the legal challenges of combating toxic language and retaliating against those who spread hate on the Internet. Although the need for fighting violent narratives appears evident, given the role of hate in eroding trust and fragmenting the social fabric, there are many sensitive layers to the matter. The authors analyse the weaknesses of platform self-regulation, the European Union’s legal approach to combating online hate, the use of toxic language as a political weapon in Latin America, and the risks it poses to peace in Africa.",,,,,Universidad de Beira Interior,Inglés,https://openalex.org/W4403314941,,,Trilogy; Politics; Political science; Media studies,0,1.0,DOI (Lote),,,,0.0
UI00024,"Methods, Techniques and AI Solutions in the Age of Hostilities. Online Hate Speech Trilogy (vol. 3)",Editorial,2024,https://doi.org/10.18046/EUI/ohst.v3,Universidad ICESI,"This is the third book in the Online Hate Speech Trilogy. It focuses on presenting methods for detecting, analysing, and combating toxic language on the Internet. Alongside the legal dilemmas born from a desire to punish hate speech disseminators, identifying online hate speech is one of the biggest challenges in the field of studies on violent narratives and virtual attacks. The authors analyse the challenges of identifying violent narratives through automation, the advantages of manually coding social media posts, and the opportunities offered by AI in this field of research.",,,,,Universidad de Beira Interior,Inglés,https://openalex.org/W4403314460,,,Trilogy,0,1.0,DOI (Lote),,,,0.0
UR00448,Autoimmunity. From Bench to Bedside,Juan Manuel Anaya,2013,,Universidad del Rosario,,,,,,,Inglés,,,,,0,0.0,No Encontrado,,,,0.0
UR00847,Introduction to International Court of Justice –ICJ–,Ricardo Abello,2013,,Universidad del Rosario,,,,,,,Inglés,,,,,0,0.0,No Encontrado,,,,0.0
UR01162,The Development of the Agricultural Sector of Colombia into the 1960s,A: Albert Berry,2017,,Universidad del Rosario,,,,,,,Inglés,,,,,0,0.0,No Encontrado,,,,0.0
UAO0066,Water and Energy Engineering for Sustainable Buildings Mihouse Project,Javier Ernesto Holguín González; Yuri Ulianov López Castrillón,2020,,Universidad Autónoma de Occidente,,sustentabilidad; sostenibilidad; arquitectura; ingeniería civil; sustainable buildings; water engineering; energy enginieering,"[ARC018000] ARQUITECTURA > Sostenibilidad y diseño ecológico
[REF020000] REFERENCIA > Investigación
","[AMCR] Arquitectura y diseño respetuosos con el medioambiente (verdes)
[GPS] Métodos de investigación: general
",,No aplica,Inglés,,,,,0,0.0,No Encontrado,ARQUITECTURA,1.0,1.0693147180559943,0.0
UGU0076,"Bioindicators and biomonitoring: water quality control and sample management from La Purisima Dam in the state of Guanajuato, Mexico, involving safety measures against COVID-19 ",Alma Hortensia Serafín Muñoz; Armando Guerrero Aguilar; Cristoph Schüth,2022,,Universidad de Guanajuato,"This handbook is meant to serve as a guideline for researchers for the field and laboratory work required for the hydrochemical and biological monitoring survey of superficial freshwater aquatic ecosystems, such as rivers and reservoirs in the Guanajuato River Basin, but it can also prove useful for projects aiming at assessing aquatic ecosystems in rivers and reservoirs with similar characteristics, using an integrated methodology. Nevertheless, the researcher must ensure that the conditions in the study site are favorable for a biomonitoring program. This work includes an introduction to the concepts of bioindicators and biomonitoring, the applicability of the different existing techniques, a description of the case study areas of the project, as well as the suggested sampling points, the methodology for sample collection, measurement of field and laboratory parameters and data analysis methodologies. The handbook includes a sample record sheet and the instructions on how to carry out a biomonitoring program.",Covid-19; Rivers; Water; Bioindicators; Organisms; Scientific data,"[SCI010000] CIENCIA > Biotecnología
","[TCB] Biotecnología
[RBKF] Limnología (aguas interiores)
","[574.9] Ciencias naturales y matemáticas > Ciencias de la vida > Biología > Tratamiento geográfico de organismos
[553.7] Ciencias naturales y matemáticas > Ciencias de la Tierra > Geología económica > Agua
",No aplica,Inglés,,,,,0,0.0,No Encontrado,CIENCIA,8.0,1.219722457733622,0.0
UGU0136,Women in applied linguistics in Mexico: giving voice to their research ,Martha Lengeling; Edgar Emmanuell García-Ponce; Irasema Mora-Pablo,2023,,Universidad de Guanajuato,"This book consists of six chapters from women who carried out thesis research for their MA in Applied Linguistics in English Language (ELT) degree of the Language Department at the University of Guanajuato. These chapters represent diverse issues in teaching English as a foreign language (EFL) in Mexico and applied linguistics, such as teaching idiomatic expressions, teacher professional identity formation, English medium instruction (EMI) in a polytechnic university, student views of content and language integrated learning (CLIL), translation activities used in an EFL classroom, and the student views of peer mentorship at a graduate level. This collection of chapters offers readers the opportunity to see a condensed version of their theses using qualitative research in the context of Mexico. ",English; Educational theories; Educational transdiscipline; Case studies; Teaching; Language,"[EDU029080] EDUCACIÓN > Métodos y materiales de enseñanza > Artes del lenguaje
[YAN020010] NO FICCIÓN ADULTOS JÓVENES > Estudio de idioma extranjero > Ingles como segundo lenguaje
","[JNU] Enseñanza de una materia específica
[YPC] Enseñanza: lengua, literatura y alfabetización
[YPCK2] Enseñanza, lenguas modernas (no maternas/nativas o segundas): aprendizaje de idiomas
[2ACB] Inglés
","[408.9] Idioma > Generalidades > Tratamiento del lenguaje con respecto a tipos de personas > Tratamiento del lenguaje con respecto a grupos raciales, étnicos y nacionales específicos
",No aplica,Inglés,,,,,0,0.0,No Encontrado,EDUCACIÓN,18.0,1.294443897916644,0.0
ECM0021,Sociologies and the discursive power of religion‪s‬ ,Edgar Zavala Pelayo,2020,,El Colegio de México,"This book is about the counter-intuitive, awkward influence of religion on sociology in Mexico. More generally though, this is a book about societies in different world religions that strive for secularism on the one hand, and yet on the other hand may blend their most revered scientific rationalities with not onlu their pressing moral concerns, but also their most deeply held beliefs. The books offers no prescription for disentangling these apparently incompatible ways of knowing; it instead invites readers to challenge the acepted narratives, and to rethink the taken-for-granted secularism of the social sciences.",,"[SOC039000] CIENCIAS SOCIALES > Sociología de la religión
","[JBSR] Sociedad y ciencias sociales > Sociedad y cultura: general > Grupos sociales > Grupos sociales: grupos y comunidades religiosas
",,No aplica,Inglés,,,,,0,0.0,No Encontrado,CIENCIAS SOCIALES,8.0,1.219722457733622,0.0
ECM0114,Strategic Polarization in Social Media ,Reynaldo Yunuen Ortega Ortiz; Fernando Nieto Morales; Rodrigo Dorantes Gilardi; Cristina I. Sotomayor Vivas,2022,,El Colegio de México,"This book presents the results of a project on political polarization in social media by researchers from El Colegio de México under the auspices of the National Electoral Institute of Mexico. Polarization is a pathological form of distancing and opposition between political alternatives. It can have adverse effects, including institutional paralysis and the abandonment of the democratic debate. It also fosters narratives that justify violations and attacks on democracy. Polarization can be expressed in different ways and in different areas. However, social media networks —such as Twitter— are particularly prone to this phenomenon. This study is one of the first of its type in Mexico. Among the most important findings, we show that communities with similar political identities generate echo chambers in both electoral and non-electoral periods. Experimental evidence also indicates that polarization in social media platforms can have offline effects as it tends to reinforce political identities and mobilize support for or against them.",,,,,No aplica,Inglés,,,,,0,0.0,No Encontrado,,,,0.0
UPTC0125,Las preguntas como estrategia de andamio en la enseñanza ,Claudia Patricia Navarro Roldán,2022,10.19053/9789586606967,Universidad Pedagógica y Tecnológica de Colombia,"This research book invites the reader to re-evaluate how learning is enhanced. Theoretical and empirical evidence is presented to break the paradigms on the use of narrative language in the construction of scientific knowledge and encourage the use of questions in the classroom to promote the holistic development of skills in the student, narrative language, and the use of prior knowledge. The narrative research presented answers to the question how does a scaffolding strategy supported through questions change the spontaneous historical narrative of students about the independence of the nation, at the level of its structure, density, quality of content and cohesion? From Vygotsky's (1995) cultural-historical stance on learning, the positive and negative effects of a scaffolding strategy for question-based learning were identified in the spontaneous oral narrative productions of primary and secondary school students on the independence of the nation. The data gathered revealed that asking a set of open, reflective and literal questions to the student about their narrative production, including paraphrasing to question and challenge it in a contextualized way, offers the contingent feedback that the student needs to go further and enrich the narrative. History produced initially at the level of its structure, density, quality and cohesion. In addition, the qualitative transformations in the narrative production and the typification of the changes in the constructed semantic network were analyzed.",Aprendizaje; Enseñanza; Andamiaje; Preguntas; Narración; Constructivismo,"[PSY012000] PSICOLOGÍA > Educación y Entrenamiento
","[JNC] Psicología de la educación
","[100] Filosofía y psicología > Generalidades > Generalidades
",No aplica,Inglés,https://openalex.org/W4312475316,,,Humanities; Art,0,1.0,DOI (Lote),PSICOLOGÍA,1.0,1.0693147180559943,0.0
UPTC0129,Materials Design Key Elements for English Language Teaching in Colombia,Jahir Aguirre Morales; Bertha Ramos-Holguín; Jhonatan Vásquez-Guarnizo,2022,10.19053/9789586606400,Universidad Pedagógica y Tecnológica de Colombia,"This book, which is intended for pre-service, novice, and in-service teachers and educators, looks at the key aspects that teachers, as material designers, should bear in mind when creating teaching/learning materials for EFL, thinking about the needs and the particularities of the population. This textbook is divided into twelve elements. The first four elements focus on the initial theoretical aspects that a teacher, as a text designer, should consider when creating materials. Element five introduces a clear description and differentiation between a teaching and learning objective. The next element, Element six, suggests that although all the English skills can be developed in a single workshop or guide, the material should have a protagonist skill. Element seven is based on the notion that teaching and learning materials, such as workshops and guides, can follow a series of steps that include a warming up activity, a presentation of the topic, a practice, and a production stage. Element eight describes the importance of instructions in materials design. The last Elements, nine, ten, and eleven, relate to instructional aspects when designing materials. All of these aspects help material developers have a more inviting and well-designed material. Finally, element twelve helps material developers self-evaluate the material they have designed through reflection.",Materials’ design; Materials’ development; EFL teachers; English language teaching; Pre-service teachers; EFL Material Designers,"[EDU056000] EDUCACIÓN > Profesional
","[JNUM] Recursos y materiales didácticos para docentes
","[370.7] Sociología y Antropología > Educación > Educación > Educación, investigación, temas relacionados
",No aplica,Inglés,https://openalex.org/W4220704496,,,Key (lock); Linguistics; Computer science,3,1.0,DOI (Lote),EDUCACIÓN,34.0,1.3555348061489414,0.6931471805599453
UPTC0173,Addressing the Basics of EFL Classrooms Key Elements for Pre-Service Teachers,Jahir Aguirre Morales; Bertha Ramos-Holguín; Ilba Yaneth Rodríguez Tamayo,2024,10.19053/uptc.9789586608244,Universidad Pedagógica y Tecnológica de Colombia,"This textbook is intended for pre-service English teachers who are beginning their teaching path. It examines the key aspects that can guide better a comprehension in their teaching contexts. In this textbook, the reader will find useful theoretical principles followed by a series of practical exercises. This textbook is divided into ten elements. Elements one and two focus on helpful terminology related to education. Elements three and four emphasize some of the factors that affect foreign language learning. Element five explores communicative competence. Element six suggests that depending on the context, there are diverse roles a teacher might assume to account for students’ needs. Element seven emphasizes some of the Colombian educational policies pre-service teachers need to be aware of in order to adjust to their teaching contexts. Element eight provides insightful principles to teach in diverse contexts. Element nine is about teaching in rural contexts. The final element helps pre-service teachers reflect upon the importance of reviewing and reflecting. All of these aspects might meaningfully influence preservice teachers’ pedagogical practices through reflection about classroom realities they may face.",Education; Teaching practice; Foreign languages; Teaching skills; Rural education; Pre-service teachers,"[FOR000000] ESTUDIO DE IDIOMA EXTRANJERO > General
","[CJ] Enseñanza y aprendizaje de lenguas
","[370] Sociología y Antropología > Educación > Educación
",No aplica,Inglés,https://openalex.org/W4392779879,,,Mathematics education,1,1.0,DOI (Lote),ESTUDIO DE IDIOMA EXTRANJERO,5.0,1.1791759469228056,0.3465735902799726
UPTC0192,FABLES D’HISTOIRES SCOLAIRES EN FLE: ANALYSE ET CRÉATION. Manuel de lecture et écriture en français,Martha Pardo Segura; Vitalia Pachón Achury,2024,10.19053/uptc.9789586608916,Universidad Pedagógica y Tecnológica de Colombia,"Ce manuel de formation en littérature du FLE a pour objectif de montrer les processus de réflexion et de création des récits, en peignant la réalité des conflits inter et intra-personnels des étudiants dans un cours de langue. La lecture des fables d’auteurs classiques constitue le point de départ pour l’écriture de nouvelles histoires de la société nationale afin que les enseignants en formation et en exercice prennent conscience de l’importance de leur rôle humain. Cet ouvrage encourage à concevoir du matériel en FLE, inspiré de la littérature pour renforcer la compétence langagière, d’une part, et à enrichir, d’autre part, l’éducation éthique et la résolution des problématiques chez les élèves en vue de récupérer l’entente entre ces générations des citoyens, aussi capables de contribuer au développement de la Colombie.",Littérature; Fables; Analyse littéraire; Écriture créative; Lecture en FLE; Français,"[FOR008000] ESTUDIO DE IDIOMA EXTRANJERO > francés
","[CBV] Creación literaria y guías de creación literaria
","[840] Literatura y retórica > Literaturas de francés [ver subdivisiones arriba] > Literaturas de lenguas romances
",No aplica,Francés,https://openalex.org/W4403179389,,,Art,0,1.0,DOI (Lote),ESTUDIO DE IDIOMA EXTRANJERO,5.0,1.1791759469228056,0.0
UPTC0199,Intercultural Practices in an EFL Classroom: Visibilizing Rural Territories in Colombia,Daniel Alirio Cruz Bernal; Bertha Ramos-Holguín,2024,10.19053/uptc.9789586609128,Universidad Pedagógica y Tecnológica de Colombia,"This book is intended for English language teachers who are concerned about comprehending how diversity might take place in EFL classrooms. It is easy to think of all language learners as similar- they are all learning English. The reality is that diverse groups of English as a foreign language learners bring to the classroom substantial differences. As such, this book is an attempt to honor the group of students we worked with and their territories. We looked at interculturality as an opportunity to learn from the rich cultural background of our students. The four participants in this qualitative case study belonged to a Language Institute at a public university in Tunja, Boyacá, Colombia. They unveiled the intercultural practices they nurture while participating in intercultural encounters as part of their EFL classes. By sharing dialogical spaces, our participants let us listen to their voices which honor rural territories and local practices. This research study helped us to denormalized knowledges that have been usually vanished in academia.",Diversity; Interculturality; Intercultural Practices; Territories; Rurality,"[PHI000000] FILOSOFÍA > General
","[JNA] Filosofía y teoría de la educación
","[370] Sociología y Antropología > Educación > Educación
",No aplica,Inglés,https://openalex.org/W4404754347,,,Pedagogy; Psychology; Sociology,0,1.0,DOI (Lote),FILOSOFÍA,16.0,1.2833213344056216,0.0
TI00034,Applications of Human-Computer Interaction and Robotics based on Artificial Intelligence ,David Christopher Balderas Silva; Pedro Ponce Cruz; Arturo Molina Gutiérrez; Luis Arturo Soriano,2020,,Tecnológico de Monterrey,"This book provides the bases on AI techniques and offers solutions in modeling, pattern recognition, clustering, and many other problems. The text gives a comprehensive coverage of major AI techniques currently available to assist in HCI and Robotics.Disponible en-Amazon Kindle: https://www.amazon.com.mx/dp/B0848Y3X9H/Apple Books: https://books.apple.com/mx/book/id1496691533Google Play: https://play.google.com/store/books/details/?id=h13MDwAAQBAJ",computación,"[COM004000] ORDENADORES > Inteligencia (IA) y Semántica
","[UYQ] Inteligencia artificial
","[006.3] Generalidades > Generalidades y ciencias de la computación > Métodos especiales de computadora > Inteligencia artificial
",,Inglés,,,,,0,0.0,No Encontrado,ORDENADORES,3.0,1.138629436111989,0.0
TI00058,Integral Well-being. A Value-Based Approach ,Andrea Monsanto,2024,,Tecnológico de Monterrey,"Emotional wellness is a concern that affects people worldwide. It's a situation that demands attention and action. However, addressing this issue can be challenging, given the complexity of human beings. But starting somewhere is essential to reduce suffering and enhance subjective well-being. This book offers practical guidance on how to improve our relationship with the crucial aspects of perception: time, space, and energy. Doing so provides a formula for improving all areas of life simultaneously.",well-being,"[PSY003000] PSICOLOGÍA > Psicología Aplicada
","[JM] Psicología
","[158] Filosofía y psicología > Psicología > Psicología Aplicada
",,Inglés,,,,,0,0.0,No Encontrado,PSICOLOGÍA,2.0,1.109861228866811,0.0
TI00059,International economic integration. Challenges and oportunities for developing markets ,Lorena A. Palacios Chacón; Jahir Lombana Coy; Patricia Reynaga-Alcalá,2021,,Tecnológico de Monterrey,"Due to different social, political, and economic cycles, international trade dynamics and protectionist initiatives become evident worldwide. Therefore, understanding international economic integration is highly significant. This textbook looks to understand international economic integration from a historical, theoretical, and practical outlook deriving essential lessons for developing economies. Each section contains specific exercises to apply a wide variety of concepts and tools. It is expected that the reader develops a critical perspective of the topics analyzed to use them in the dynamic and changing business environment. This book is suggested for people with basic knowledge in international business, economics, and related disciplines.",International Economic Integration;World Tarde Organization;Regional Trade Agreements;Global Value Chains,"[BUS069000] NEGOCIOS ECONÓMICOS > Ciencias económicas > General
","[KC] Economía
",,,Inglés,,,,,0,0.0,No Encontrado,NEGOCIOS ECONÓMICOS,21.0,1.3091042453358317,0.0
TI00060,International Economic Integration. Challenges and Opportunities for Developing Markets ,Lorena A. Palacios-Chacón; Jahir Lombana-Coy; Patricia Margarita Reynaga-Alcalá,2023,,Tecnológico de Monterrey,"The main objective of this book is to address the international integration through four chapters, each one highlighting the challenges and opportunities for developing countries, especially emerging ones, as they hold the largest growth potential and the greatest possibility of becoming modern, industrial economies with a higher standard of living (Kolodko, 2002).Throughout each of the chapters, there are questions designed to test the comprehension of each topic. Moreover, at the end of each section, students will find questions and exercises to help them consolidate their learning process. The book ends with a set of conclusions emphasizing the recent growth of most developing economies that have changed free trade geopolitics and how the new world relations bear both challenges and opportunities for these types of economies.",comercio,"[BUS069020] NEGOCIOS ECONÓMICOS > Internacional > Ciencias económicas
","[KCL] Economía internacional
","[382] Sociología y Antropología > Comercio, comunicaciones, transporte > Comercio internacional (comercio exterior)
",,Inglés,,,,,0,0.0,No Encontrado,NEGOCIOS ECONÓMICOS,21.0,1.3091042453358317,0.0
TI00069,"Mexico 2050. Challenges, Scenarios & Actions ",Concepción Olavarrieta; Guillermo Gándara; Jorge Máttar,2023,,Tecnológico de Monterrey,"In the first chapter of the book, each author (or authors) formulates a diagnosis, a trend prognosis, raises visions for change and culminates with reflections on each of the 15 Challenges. At the beginning of each chapter, there is a portrait of the author and his or her message to the reader. The second chapter includes a presentation of the Scenarios towards 2050 and the 45 key factors emanating from the authors' essays, which served as the basis for the experts to formulate the three Scenarios called: ""National Plenitude"" for the desirable, ""Futures Mexico"" for the possible and ""Agony and Desolation"" for the catastrophic.The third chapter includes proposals of Ideas for Guiding Projects, which are the detonators for the redirection of the country towards a better future. The intention is to provide background, inputs, and evidence for the designers, executors, and evaluators of public policies of government bodies at the federal, state, and municipal levels, in their executive, legislative and judicial spheres; scientific, and academic institutions; civil society organizations; and international organizations, so they can act within the framework of an innovative ecosystem for younger generations.",México;futuro,"[SOC037000] CIENCIAS SOCIALES > Estudios futuros
","[JBFZ] Prospectiva social, futurología
","[300] Sociología y Antropología > Ciencias Sociales > Ciencias Sociales
",,Inglés,,,,,0,0.0,No Encontrado,CIENCIAS SOCIALES,5.0,1.1791759469228056,0.0
TI00086,Reasons to Love Mexico ,Andrea Trujillo León; Lillian Briseño Senosiain; Andrés Mendiola Hernández,2023,,Tecnológico de Monterrey,Tecnológico de Monterrey presents 240 reasons to love México.,México,"[TRV014000] VIAJE > Méjico
","[WT] Viajes y vacaciones
[1KLCM] México
","[972] Geografía e historia > Historia general de América del Norte > Mesoamérica; Méjico
",,Inglés,,,,,0,0.0,No Encontrado,VIAJE,2.0,1.109861228866811,0.0
TI00107,Tec21 Educational Model: challenges for a transformative experience ,Silvia Lizett Olivares Olivares; José Rafael López Islas; María José Pineda Garín; José Antonio Rodríguez Chapa; Claudia Hortencia Aguayo Hernández; Luis Omar Peña Ortega,2021,,Tecnológico de Monterrey,"In 2012, the Board of Trustees of Tecnológico de Monterrey established, as an institutional mandate, the strengthening of academic quality. To this end, it defined a set of strategic initiatives, among which was the development and implementation of a new educational model that would allow students, the institution, and society as a whole to face the challenges and opportunities that are envisioned for the 21st century. The team created for the design of the educational model conducted extensive literature research, consulted the various audiences served by the institution and made visits to learn about innovative experiences that could serve as a reference. This book stemmed from an initiative to recapitulate the foundations of the Tec21 Educational Model and include updates to its components that have been made since its implementation.",educación,"[EDU000000] EDUCACIÓN > General
","[JN] Educación
","[378] Sociología y Antropología > Educación > Educación más alta
",,Inglés,,,,,0,0.0,No Encontrado,EDUCACIÓN,17.0,1.2890371757896164,0.0
TI00108,Tec21 Educational Model: challenges for a transformative experience ,Silvia Lizett Olivares Olivares; José Rafael López Islas; María José Pineda Garín; José Antonio Rodríguez Chapa; Claudia Hortencia Aguayo Hernández; Luis Omar Peña Ortega,2024,,Tecnológico de Monterrey,"In 2012, the Board of Trustees of Tecnológico de Monterrey established, as an institutional mandate, the strengthening of academic quality. To this end, it defined a set of strategic initiatives, among which was the development and implementation of a new educational model that would allow students, the institution, and society as a whole to face the challenges and opportunities that are envisioned for the 21st century. The team created for the design of the educational model conducted extensive literature research, consulted the various audiences served by the institution and made visits to learn about innovative experiences that could serve as a reference. This book stemmed from an initiative to recapitulate the foundations of the Tec21 Educational Model and include updates to its components that have been made since its implementation.",educación,"[EDU000000] EDUCACIÓN > General
","[JN] Educación
","[378] Sociología y Antropología > Educación > Educación más alta
",,Inglés,,,,,0,0.0,No Encontrado,EDUCACIÓN,17.0,1.2890371757896164,0.0
TI00110,Translation Strategies in the XXI Century ,Martha Catalina del Ángel Castillo,2024,,Tecnológico de Monterrey,"This book is targeted for upper intermediate English language learners who are still polishing their foreign language skills and want to practice translation in certain fields. By the end of the book, English language learners will have practiced translation, considered to be the fifth skill to be developed after the four basic ones: listening, reading, speaking and writing. They will also have practiced translation strategies which are also helpful in other foreign languages. In short, students will be able to create a final translated version that should reflect the cultural background inherent in each language and, most likely, will resemble the original idea.Disponible en-Amazon Kindle: https://www.amazon.com.mx/dp/B07WGGWDPG/Apple Books: http://books.apple.com/us/book/id1476456518Google Play: https://play.google.com/store/books/details/?id=OuSoDwAAQBAJ",traducción,"[JNF020010] NO FICCIÓN JUVENIL > Estudio de idioma extranjero > Ingles como segundo lenguaje
","[YPCK2] Enseñanza, lenguas modernas (no maternas/nativas o segundas): aprendizaje de idiomas
[2ACB] Inglés
","[428] Idioma > Inglés y viejo inglés > Uso estándar de inglés
",,Inglés,,,,,0,0.0,No Encontrado,NO FICCIÓN JUVENIL,1.0,1.0693147180559943,0.0
TI00113,Your Life Your Key Business ,Salvador Alva Gómez,2021,,Tecnológico de Monterrey,"This book offers a proven methodology for personal and professional success. Thanks to her you will be able to design and carry out your life project, establish the strategies to follow, the programs and the action plans.",professional success;personal success;methodology,"[PSY003000] PSICOLOGÍA > Psicología Aplicada
","[JM] Psicología
","[158] Filosofía y psicología > Psicología > Psicología Aplicada
",,Inglés,,,,,0,0.0,No Encontrado,PSICOLOGÍA,2.0,1.109861228866811,0.0
